"2074 Armory, INC",2074 Armory Drive,,Santa Rosa,CA,USA,95401,,,38.457671,-122.725388,
365 Recreational Cannabis,2750 Mendocino,,Santa Rosa,CA,USA,95403,(707) 999-9420,https://www.365recreational.com/santa-rosa/,38.4673733,-122.7202992,
ABIDE NAPA,1963 IROQUOIS ST,,Napa,CA,USA,94559,(707) 266-1967,https://abidenapa.com/shop/?,38.308211,-122.2896009,
AHHS Weho,7828 Santa Monica Blvd,,West Hollywood,CA,USA,90046,323) 654-8792,https://dutchie.com/stores/ahhs-west-hollywood,34.0905802,-118.3602341,
Airfield Supply Co.,1190 Coleman Ave.,,San Jose,CA,USA,95129,(408) 320-0230,airfieldsupplyco.com,37.3568208,-121.9318894,
Amuse,11116 Wright Rd,,Lynwood,CA,USA,90262,,https://amuse.com/shop,33.9259286,-118.1783066,delivery
Amuse,111 S. Hill Dr. Suite D,,Brisbane,CA,USA,94005,,https://amuse.com/shop,37.6872934,-122.4144286,delivery
Amuse,1859 Little Orchard St,,San Jose,CA,USA,95125,,https://amuse.com/shop,37.304567,-121.8723825,delivery
Apothecarium,2029 Market St,,San Francisco,CA,USA,94114,(415) 500-2620,https://apothecarium.com/shopping-page-castro/,37.7683932,-122.4274806,
Apothecarium,2414 Lombard St,,San Francisco,CA,USA,94123,(415) 408-6986,https://apothecarium.com/shopping-page-marina/,37.7993292,-122.4413761,
Apothecarium,527 Howard Street,,San Francisco,CA,USA,94105,(415) 741-0741,https://apothecarium.com/shopping-page-soma/,37.7878287,-122.3965293,
Apothecarium,2312 Telegraph Ave,,Berkeley,CA,USA,94704,(510) 558-2247,https://apothecarium.com/shopping-page-berkeley/,37.8682559,-122.2593336,
Apothecarium,1850 41st Ave,Suite 102&103,Capitola,CA,USA,95010,(831) 325-0691,https://apothecarium.com/shopping-page-capitola/,36.9765994,-121.9644856,
Ascent Mammoth,3399 Main St. Suite L1,,Mammoth Lakes,CA,USA,93546,(760) 709-5801,https://ascentmammoth.com/menu/,37.6474034,-118.9726499,
ASHE Society,3601 W Garry Ave,,Santa Ana,CA,USA,92704,(714) 836-5576,https://www.ashesociety.com/menu?,33.7060201,-117.9174398,
Atrium,5441 Topanga Canyon Blvd.,,Woodland Hills,CA,USA,91367,(818) 810-7379,https://atriumtopanga.com/products/,34.1698052,-118.6060702,
Atrium,12458 Magnolia Blvd,,Valley Village,CA,USA,91607,(818) 452-9262,https://weedmaps.com/dispensaries/atrium-valley-village,34.1646317,-118.404919,
Barbary Group,2165 Irving St,,San Francisco,CA,USA,94122,(415) 590-7720,https://sunsetpipeline.com/menu/,37.763273,-122.4811057,
Barbary Group,1276 Market Street,,San Francisco,CA,USA,94102,(415) 762-4255,https://moegreens.com/order-online/,37.777996,-122.4160147,
Barbary Group,952 Mission St.,,San Francisco,CA,USA,94103,(415) 243-4400,https://barbarycoastsf.com/online-menu/,37.7819282,-122.4078108,
BASA- Bay Area Safe Alternatives,1326 Grove St,,San Francisco,CA,USA,94117,(415) 409-1002,https://basasf.com/shop/,37.7760711,-122.4385393,
Berkeley Patients Group (BPG),2366 San Pablo Avenue,,Berkeley,CA,USA,94702,(510) 540-6013,https://mybpg.opptygo.com/customer/products,37.8632787,-122.2905755,
Beyond Hello/Jushi Brand,3516 State St,,Santa Barbara,CA,USA,93105,(805) 883-6444,https://beyond-hello.com/california-dispensaries/santa-barbara/menu/,34.4406897,-119.7389754,
Beyond Hello/Jushi Brand,4765 E. Ramon Rd.,,Palm Springs,CA,USA,92264,(760) 832-7813,https://beyond-hello.com/california-dispensaries/palm-springs/menu/,33.8155153,-116.4949331,
Big Sur Cannabotanicals,26352 Carmel Rancho Lane,Ste. 100,Carmel,CA,USA,93923,(831) 250-7756,https://www.bigsurcannabotanicals.com/menu/,36.5408756,-121.9066591,
BoRu Co,2511 Connie Dr,,Sacramento,CA,USA,95815,,,38.6115865,-121.4215332,
Boutiq (Primetime Cap),1423 Abbot Kinney Blvd,,Venice,CA,USA,90291,(424) 280-4052,https://boutiq.com/shop/,33.9906096,-118.4651592,
Calaveras Little Trees,2641 Highway 4,Suite #7-A (Upstairs),Arnold,CA,USA,95223,,https://www.calaveraslittletrees.com/shop/,38.2334721,-120.3670152,
California Street Cannabis Co,1398 California St,,San Francisco,CA,USA,94109,(415) 800-7954,https://californiastreetcannabis.com/menu/,37.7911857,-122.4172899,
CALMA WEHO,1155 N La Brea Ave,,West Hollywood,CA,USA,90038,(323) 498-0035,https://shop.calmawesthollywood.com/stores/calma,34.0923826,-118.3443165,
Calwave Enterprises Inc,533 Ocean St,,Santa Cruz,CA,USA,95060,(831) 515-4114,https://www.kindpeoples.com/ocean-st-menu,36.9757868,-122.0197459,
Cannablue,2179 Lake Tahoe Blvd,Unit A,South Lake Tahoe,CA,USA,96150,(530) 420-7777,https://cannablue.treez.io/onlinemenu/?customerType=ADULT,38.9173282,-119.9986671,
Cannaco Research Corp,8241 Lankershim Blvd,,North Hollywood,CA,USA,91605,,,34.2205572,-118.3885141,
CANNATRUST GROUP LLC,1932 SCOTT AVE,,Los Angeles,CA,USA,90026,(213) 632-8118,https://weedmaps.com/dispensaries/tree-of-echo-park,34.081577,-118.2598149,
Canopy Club,118 Milpas St. N,,Santa Barbara,CA,USA,93103,(805) 560-0034,https://canopysb.com/shop/?,34.4232667,-119.6806303,
Captain Jacks,100 W Hospitality Lane Suite 102,,san Bernardino,CA,USA,92408,(909) 381-3706,https://www.leafly.com/dispensary-info/captainjacks,34.0660917,-117.2857519,
Catalyst,9032 Artesia Blvd Bldg A,,Bellflower,CA,USA,90706,,,33.8743963,-118.1416404,
Catalyst,9032 Artesia Blvd,,Bellflower,CA,USA,90706,(562) 804-0629,https://catalyst-cannabis.com/bellflower-dispensary/bellflower-menu/?,33.8743963,-118.1416404,
Catalyst,2400 Pullman St Suite B,,Santa Ana,CA,USA,92705,(657) 229-4464,https://catalyst-cannabis.com/santa-ana-dispensary/santa-ana-menu/?,33.7150092,-117.8443761,
Catalyst,5227 E Second St,,Long Beach,CA,USA,90803,(562) 248-2474,https://catalyst-cannabis.com/belmont-shore-dispensary/catalyst-belmont-shore-menu/?,33.7602738,-118.1342348,
Catalyst,3170 CHERRY AVE,,Long Beach,CA,USA,90807,(562) 426-2420,https://catalyst-cannabis.com/cherry-dispensary/cherry-menu/?,33.8150537,-118.1666202,
Catalyst,433 PINE AVE,UNIT 500,Long Beach,CA,USA,94553,(562) 336-1373,https://catalyst-cannabis.com/marijuana-dispensary-in-downtown-long-beach/dtlb-menu/?,33.7723651,-118.1927618,
Catalyst,2115 10th St E,,Long Beach,CA,USA,90804,(562) 343-7082,https://catalyst-cannabis.com/eastside-dispensary/eastside-menu/?,33.7792632,-118.1662774,
CCA California Caregivers Alliance,2815 SUNSET BLVD Suite 201,,Los Angeles,CA,USA,90026,(213) 353-0100,https://cca2go.com/?#order-now,34.0823667,-118.2718943,
"Cloverdale Wellness, LLC",124 S Cloverdale Blvd,SUITE 140B,Cloverdale,CA,USA,95425,(707) 894-5683,https://www.cloverdalewellness.org/menu?,38.8046667,-123.0158436,
Coastal,1019 Chapala St,,Santa Barbara,CA,USA,93101,(805) 380-7730,https://coastalcalifornia.com/shop/?location=2400,34.4206182,-119.7041071,
Coastal,819 Reddick st. Suite C,,Santa Barbara,CA,USA,93103,,https://coastalcalifornia.com/shop/?location=2401,34.4254529,-119.6854136,
Coastal Wellness,1044 La Mirada Ct,Unit 4A,Vista,CA,USA,92081,(760) 734-7081,https://www.coastalwellnessdispensary.com/order-online,33.1534245,-117.2260552,
Cookies Corp,1004 B ST,,Hayward,CA,USA,94541,(510) 362-7040,https://cookies.co/stores/hayward?,37.673118,-122.082709,
Cookies Corp,1685 Haight St,,San Francisco,CA,USA,94117,(415) 214-9905,https://cookies.co/stores/berners-on-haight#menu,37.7694356,-122.4503232,
Cookies Corp,7935 El Cajon Blvd,,La Mesa,CA,USA,91942,(619) 737-1920,https://cookies.co/stores/la-mesa?,32.7691531,-117.0260082,
Cookies Corp,2625 CROW CT,,Antioch,CA,USA,94509,(925) 281-7035,https://cookies.co/stores/lemonnade-antioch#menu,38.0097146,-121.8415384,
Cookies Corp,1944 Orangeburg Ave W,,Modesto,CA,USA,95350,(209) 653-9450,https://cookies.co/stores/oklahoma-city?#menu,37.6641945,-121.027961,
Cookies Corp,44 DURIAN AVE E,,Coalinga,CA,USA,93210,(805) 472-7085,https://www.cookiescoalinga.com/?,36.140424,-120.3613519,
Cookies Corp,1776 BROADWAY,,Oakland,CA,USA,94612,(510) 409-8637,https://www.cookiesoakland.com/home,37.8075029,-122.2688174,
Cornerstone Research Collective,2551 Colorado Blvd.,,Los Angeles,CA,USA,90041,(323) 259-8933,https://cornerstone.treez.io/onlinemenu/,34.1421096,-118.2219836,
Culture,1034 W Ramsey St,SUITE A,Banning,CA,USA,92220,(951) 267-3521,https://culturecannabisclubbanning.treez.io/onlinemenu/,33.9250517,-116.8879515,
Culture,10810 LIMONITE AVE,,Jurupa Valley,CA,USA,91752,(951) 444-6144,https://culturecannabisclubmiraloma.treez.io/onlinemenu/,33.9750008,-117.521447,
Curbstone Exchange,6535 Highway 9,,Felton,CA,USA,95018,(831) 704-7151,https://weedmaps.com/dispensaries/curb-stone-exchange,37.0559563,-122.0754323,
Davis Cannabis Collective (DCC),2121 2nd St,Suite c101,Davis,CA,USA,95618,(530) 747-2057,https://daviscannabis.treez.io/onlinemenu/?customerType=ADULT,38.547539,-121.7235981,
"dba Mankind WILD WEST INDUSTRIES, INC.",7740 Formula Pl,,San Diego,CA,USA,92121,,https://mankindcannabis.com/shop-recreational/,32.8885077,-117.1536351,
DC Collective,8053 Deering Avenue,,Canoga Park,CA,USA,91304,(818) 887-0980,https://dccollective.com/shop/,34.2168956,-118.5953903,
Doobie Nights,3011 Santa Rosa Ave,,Santa Rosa,CA,USA,95407,(707) 919-3222,https://menu.doobienights.com/stores/doobie-nights,38.404339,-122.7141694,
Down Under Industries Inc,50 Ely Rd N,,Petaluma,CA,USA,94954,(707) 658-1707,https://downunderindustries.com/shop/#/,38.2820974,-122.6654921,
Dutchman's Flat,2544 3rd Street,,San Francisco,CA,USA,94107,(415) 872-6867,https://www.dutchmansflat.com/menu?,37.7573284,-122.3884304,
Eaze,2800 3rd St,,San Francisco,CA,USA,94107,,eaze.com,37.7537348,-122.388187,delivery
Elemental Wellness Center,985 Timothy Drive,,San Jose,CA,USA,95131,(408) 433-3344,https://elementalwellnesscenter.com/shop/,37.3636704,-121.8814318,
Embarc,3503 Alhambra Ave,,Martinez,CA,USA,94553,(925) 466-5444,https://goembarc.com/martinez/,37.9995336,-122.1317797,
Embarc,4035 Lake Tahoe Blvd,,South Lake Tahoe,CA,USA,96510,(530) 600-3040,https://goembarc.com/tahoe/,38.9559485,-119.9447595,
Embarc,1616 Webster St,,Alameda,CA,USA,94501,(510) 263-8043,https://goembarc.com/alameda/,37.7756794,-122.276399,
Emjay,345 N.Fairfax Ave,,Los Angeles,CA,USA,90036,,https://heyemjay.com/storefront,34.0775185,-118.3616982,delivery
Emjay,7180 UNIVERSITY AVE,,La Mesa,CA,USA,91942,(415) 853-6529,https://heyemjay.com/storefront,32.755336,-117.0434802,delivery
Emjay,11100 Wright Rd,,Lynwood,CA,USA,90262,415-853-6529,https://heyemjay.com/storefront,33.92653,-118.1785033,delivery
Emjay,1552 Yosemite Abe,#C,San Francisco,CA,USA,94124,415-853-6529,https://heyemjay.com/storefront,37.7266736,-122.3910103,delivery
Erba,12320 PICO BLVD,,Los Angeles,CA,USA,90064,(310) 207-1900,https://www.erbamarkets.com/pico-rec,34.0281261,-118.4522949,
"Euphoric Caregivers, Prop- 215",10655 W Pico Blvd.,,Los Angeles,CA,USA,90064,(310) 446-8100,https://www.leafly.com/dispensary-info/euphoric,34.0427561,-118.4237378,
Eureka Sky,3989 17th St,,San Francisco,CA,USA,94114,(415) 900-4567,https://www.eurekasky.com/express-order/,37.762401,-122.4348123,
Exhalence,10467 Roscoe Blvd,,Sun Valley,CA,USA,91352,(818) 394-9094,https://www.exhalence.la/shop-meadow/?,34.2220997,-118.3601198,
Farmhouse Artisan Market,1333 McDowell Blvd N,Suite F,Petaluma,CA,USA,94954,(707) 238-2194,https://www.farmhouse.delivery/,38.2718593,-122.6642282,
Fig and Thistle Apothecary,313 Ivy St.,,San Francisco,CA,USA,94102,(415) 589-7005,https://ftasf.com/menu/?,37.7772551,-122.4234607,
Firehaus,2000 Cotner Ave,,Los Angeles,CA,USA,90025,(323) 515-9333,https://www.firehausla.com/shop/marijuana-products/,34.0421246,-118.4415109,
Fireplace Management Incorporated,1041 F Street,,Arcata,CA,USA,95521,(707) 630-4024,https://www.thefireplacearcata.com/menu,40.8697443,-124.0845678,
"Flor X, Inc. - Distro",516 Work St,,Salinas,CA,USA,93901,831 753-9999,,36.6700987,-121.6423403,
Flora Terra,1825 Empire Industrial Ct. Suite A,,Santa Rosa,CA,USA,95403,(707) 978-5978,https://floraterraca.treez.io/onlinemenu/?customerType=ADULT,38.4700412,-122.748898,
Flower Market Delivery,19024 Ruppert St,,Palm Springs,CA,USA,92262,(844) 420-3030,https://flowermarket.delivery/menu?q=connected&shop=,33.9099459,-116.5505256,delivery
Flowsent,7700 Edgewater Dr,Suite 649,Oakland,CA,USA,94621,510-545-4633,https://flowsent.com/shop/?,37.7441113,-122.2034265,
Foggy Daze Delivery Service,1300 Clay St,,Oakland,CA,USA,94612,,https://foggydazedelivery.com/?,37.8047226,-122.2735856,
Fountain Of Wellbeing A Cooperative Corporation (K,7231 Hinds Ave,,North Hollywood,CA,USA,91605,(818) 982-7420,,34.202151,-118.3914582,
Ganja Goddess,14708 Arminta St,,Panorama City,CA,USA,91402,855-426-5246,https://goddessdelivers.com/,34.2131679,-118.4534211,delivery
Ganja Goddess,2960 CHAPMAN ST,UNIT 2,Oakland,CA,USA,94601,855-426-5246,https://goddessdelivers.com/,37.7730432,-122.2316641,delivery
Garden of Eden,21227 Foothill Blvd,,Hayward,CA,USA,94541,(510) 200-9555,https://goe.treez.io/onlinemenu/?customerType=ADULT,37.6853375,-122.0928486,
Goldn Bloom,3385 Sunrise Street,,San Diego,CA,USA,92102,(619) 955-5540,https://weedmaps.com/dispensaries/goldn-bloom,32.713965,-117.12119,
GrassDoor,3019 Vail Ave,,COMMERCE,CA,USA,90040,,,33.9882737,-118.1335263,delivery
Green Angel_2,14000 Ventura Blvd,,Sherman Oaks,CA,USA,91423,(818) 646-0221,https://www.greenangelso.com/,34.1488455,-118.4373679,
Green Dragon Collective,353 S Palm Canyon Dr,,Palm Springs,CA,USA,92262,(760) 438-9333,https://www.greendragoncoop.com/collections/all,33.8182293,-116.5469987,
Green Dragon Collective,1024 H ST N LOMPOC,,Lompoc,CA,USA,93436,(805) 430-4030,https://www.greendragoncoop.com/collections/all,34.654294,-120.4567111,
Green Earth,17719 CHATSWORTH ST,,GRANADA HILLS,CA,USA,91344,(818) 488-9119,https://gecollective.com/shop-granada-hills/?,34.26513,-118.5205388,
Green Earth,4801 York Blvd.,,Los Angeles,CA,USA,90042,(323) 349-0949,https://gecollective.com/shop-highland-park/,34.1224801,-118.2107029,
Greenhouse Herbal Center,5224 Hollywood Blvd,,Los Angeles,CA,USA,90027,(323) 741-0213,https://www.greenhouseonhollywood.com/menu,34.1015799,-118.3041108,
GTI,908 E Colorado Blvd,,Pasadena,CA,USA,91106,(626) 600-6612,https://www.gtigrows.com/,34.1455683,-118.1315733,
Harborside,1840 Embarcadero,,Oakland,CA,USA,94606,(888) 994-2726,shopharborside.com,37.7838832,-122.2423011,
Harborside,1965 Marina Blvd,,San Leandro,CA,USA,94577,(888) 994-2726,https://shopharborside.com/,37.7075056,-122.1722102,
Harborside,1365 North 10th Street,,San Jose,CA,USA,95112,(888) 994-2726,https://shopharborside.com/san-jose/,37.3650857,-121.8997503,
Harborside,66205 PAUL RD.,,DSRT HOT SPGS,CA,USA,92240,(888) 994-2726,https://shopharborside.com/desert-hot-springs/,33.8829754,-116.5043857,
Harvest,2441 2nd Street,,Napa,CA,USA,94559,707-681-0599,https://www.harvesthoc.com/locations/california/napa/harvest-of-napa/shop/?,38.2970084,-122.3014058,
Harvest,312 North Palm Canyon Drive,,Palm Springs,CA,USA,92262,(442) 226-4300,https://www.harvesthoc.com/locations/california/palm-springs/harvest-of-palm-springs/shop/?,33.8270512,-116.5466744,
Haze,1761 Smith Ave.,,San Jose,CA,USA,95112,(408) 266-4293,https://www.haze420.com/menu,37.3134106,-121.8628878,
Herb Delivery LA,182 S. Alvarado St.,,Los Angeles,CA,USA,90057,3233429110,https://www.herb.delivery/,34.0643216,-118.2714597,delivery
Herb N Joy - Goleta,164 Aero Camino,,Goleta,CA,USA,93117,(805) 770-3947,https://herbnjoy.com/menus/santa-barbara-menu/,34.4323375,-119.8478161,
"HERBAL COOPERATIVE, INC.",4345 Mullen Ave,,Clearlake,CA,USA,94522,(707) 994-3721,https://www.lakesideherbal.com/menu.php,38.9522355,-122.6421776,
Hi Fidelity- Micro,2465 Telegraph Ave,,Berkeley,CA,USA,94704,(510) 838-2400,https://hifidelity.treez.io/onlinemenu/?customerType=ALL,37.8657048,-122.2584533,
High Tides,38520 S Hwy 1,,Gualala,CA,USA,95445,707-884-1882,https://hightides.info/,38.7742852,-123.5379612,
Higher Level,310 AMADOR AVE,,Seaside,CA,USA,93955,(831) 583-8300,https://shop.hldispensaries.com/embed/stores/312,36.6069064,-121.8551269,
Higher Level,1802 Shelton Dr,BLDG,Hollister,CA,USA,95023,(831) 216-5459,https://shop.hldispensaries.com/embed/stores/929,36.8861892,-121.3940048,
Highway 29 Health Care-Vallejo,3737 Sonoma Boulevard,,Vallejo,CA,USA,94589,(707) 647-2929,https://highway29-healthcare.com/live-preorder-menu/,38.1256128,-122.2558711,
HiKei,3940 Home Ave,,San Diego,CA,USA,92105,(619) 517-8605,https://wehikei.com/shop,32.7204942,-117.1103492,
Hollywood High Grade,7051 Santa Monica Blvd B,,Hollywood,CA,USA,90038,(323) 536-9133,https://www.hollywoodhighgrade.com/site/menu/,34.0909001,-118.3432456,
HPC - Port Hueneme,501 Channel Islands Blvd,Suite 302,Port Hueneme,CA,USA,93041,(805) 874-3151,https://420hpc.com/pages/our-current-menu?,34.1764133,-119.2118454,
Juva,633 SAN JUAN AVE,,Stockton,CA,USA,95203,(209) 800-5882,https://shopjuva.com/stockton/,37.954563,-121.3215471,delivery
Juva,465 Convention Way,Unit 1,Redwood City,CA,USA,94063,,https://shopjuva.com/redwood-city/,37.4941272,-122.2321944,delivery
Kannabis Works,2106 S Susan Street,,Santa Ana,CA,USA,92704,(949) 662-3960,http://kannabisworks.com/?,33.717998,-117.913497,
"Kepos Enterprises, Inc.",241 10th St N,Suite 7J,Sacramento,CA,USA,95811,,,38.5916646,-121.4880162,
King's Crew,5630 Pacific Coast Hwy E,,Long Beach,CA,USA,90814,(562) 513-5441,https://kingscrew.com/shop-kings-crew/?,33.7747256,-118.1223195,
"KZD VENTURES, INC",655 kennedy st,,Oakland,CA,USA,94606,,,37.7763352,-122.2379482,
LA Wonderland,151 17th st,,Los Angeles,CA,USA,90015,,https://www.gowonderland.com/index.html?,34.0325827,-118.2626346,
Libra,78010 Country Club Dr. Suite 100,,Palm Desert,CA,USA,92211,(760) 360-6420,https://librashop.com/delivery/shop-all,33.7585902,-116.3034505,
Lit La Mesa,7729 University Ave,,La Mesa,CA,USA,91942,(619) 439-6048,https://litlamesa.treez.io/onlinemenu/,32.761445,-117.0310661,
Los Angeles Patients and Caregivers Group,7213 Santa Monica Blvd,,West Hollywood,CA,USA,90046,(323) 882-6033,https://www.lamedicalmarijuana.com/iheartjane,34.09084,-118.346705,
Los Angeles Valley Caregivers -LAVC,6132 Wilshire Blvd,,Los Angeles,CA,USA,90048,(323) 500-1040,https://potify.net/promo/lavc-los-angeles,34.0629279,-118.3626668,
Love In It,45110 Main St,,Mendocino,CA,USA,95460,(707) 937-3123,https://soldemendocino.com/menu/?,39.3047469,-123.8018059,
Luvbrite Collective,2126 Cotner Ave,Suite 1,Los Angeles,CA,USA,90025,310-697-2611,https://www.luvbrite.com/,34.0402113,-118.4397407,delivery
March and Ash,2835 Camino Del Rio South #100,,San Diego,CA,USA,92108,(619) 314-7336,marchandash.com,32.7696406,-117.1327715,
March and Ash,2465 Dogwood Way,Suite 100,Vista,CA,USA,92081,(760) 624-7336,marchandash.com,33.1502721,-117.2204852,
March and Ash,2281 Fairmount Ave,,San Diego,CA,USA,92105,(619) 314-7336,marchandash.com,32.7287236,-117.0986024,
March and Ash,2433 Marshall Ave Suite 3,,Imperial,CA,USA,92251,(760) 624-7336,marchandash.com,32.830488,-115.5693111,
Markt Dispensary,3625 Cahuenga Blvd,,Studio City,CA,USA,90068,,,34.134303,-118.360218,
Medcare Farms,29395 Hunco Way,BLDG A,Lake Elsinore,CA,USA,92530,(951) 297-7003,https://menu.medcarefarms.com/stores/medcare-farms,33.6906181,-117.3443257,
MediThrive,1933 Mission St.,,San Francisco,CA,USA,94103,(415) 562-6334,https://medithrive.com/san-francisco-menu/,37.7662297,-122.4193841,
MedMen,2430 Porter St,,Los Angeles,CA,USA,90021,,medmen.com,34.0263794,-118.22905,
Megan's Organic Market,280 HIGUERA ST,,San Luis Obispo,CA,USA,93401,,https://www.megansorganicmarket.com/shop?,35.2723272,-120.6699804,
Mercy Wellness,7950 Redwood Drive,Suite #8,Cotati,CA,USA,94931,(707) 795-1600,https://mercywellness.treez.io/onlinemenu/?customerType=ALL,38.3323151,-122.7142261,
Mercy Wellness,900 Santa Rosa Ave,,Santa Rosa,CA,USA,95404,(707) 308-7702,https://mercywellnesssantarosa.treez.io/onlinemenu/?customerType=ALL,38.4302487,-122.7107697,
Mission Cannabis Club (Shambhala Healing Center),2441 MISSION ST,,San Francisco,CA,USA,94110,415) 970-9333,https://missioncannabisclub.com/order/,37.7579674,-122.4187091,
MMD,13356 W Washington Blvd.,,Los Angeles,CA,USA,90066,(424) 228-4111,https://mmdshops.com/marina-del-rey/,33.9923531,-118.4439076,
MMD,4720 Vineland Ave,,North Hollywood,CA,USA,91602,(818) 980-6337,https://mmdshops.com/north-hollywood/,34.1561186,-118.3699123,
MMD,1515 N Cahuenga Blvd,,Hollywood,CA,USA,90028,(877) 420-5874,https://mmdshops.com/hollywood/,34.0985074,-118.3297801,
MMD,1901 Atlantic Ave,,Long Beach,CA,USA,90806,(562) 528-8810,https://mmdshops.com/long-beach/,33.7917937,-118.1852442,
Moonflower Delivery,101 LUCAS VALLEY RD,,San Rafael,CA,USA,94903,(707)-760-9566,https://www.moonflowerdelivery.com/new-home/,38.0237753,-122.5442345,delivery
MOTA,4001 W. Sunset,,Los Angeles,CA,USA,90029,(323) 522-3024,https://motacannabisproducts.biz/,34.092783,-118.2803631,
Mother Earth's Farmacy,36633 Cathedral Canyon dr,,Cathedral City,CA,USA,92334,(760) 832-8348,https://www.desertkush.com/shop/,33.7826183,-116.4670534,
Mountain Remedy,1035 22nd Ave Unit 11,,Oakland,CA,USA,94606,9254204215,https://mountainremedy.com/shop,37.7826122,-122.2404841,delivery
Mr Nice Guy,1525 Saint Gertrude PL E,,Santa Ana,CA,USA,92705,(714) 844-6247,https://www.mrniceguyretail.com/mr-nice-guy-saint-gertrude,33.7199608,-117.8490007,
Mr Nice Guy,730 Dyer Rd E,,Santa Ana,CA,USA,92705,(714) 477-6892,https://www.mrniceguyretail.com/mr-nice-guy-santa-ana,33.7081997,-117.8549261,
Napa Cannabis Collective,860 Kaiser Rd,#C & D,Napa,CA,USA,94558,(707) 732-1726,https://www.napacannabiscollective.com/menu,38.2580643,-122.2727438,
Natural Cannabis Company Distribution,265 East Todd Road,,Santa Rosa,CA,USA,95407,,https://naturalcannabis.com/organicann/?,38.387485,-122.7121102,
Nice Guys Delivery,1241 Andersen drive suite C,,San Rafael,CA,USA,94901,(415) 855-5914,https://www.niceguysdelivery.com/,37.9521478,-122.498287,delivery
Nugg Club,10857 Drury Ln,,Lynwood,CA,USA,90262,,https://nuggclub.com/,33.9359569,-118.2207728,delivery
OC3,3122 S Halladay st,,Santa Ana,CA,USA,92705,(714) 754-1348,https://oc3.treez.io/onlinemenu/?customerType=ALL,33.7052078,-117.8601267,
Ojai Greens,410 BRYANT CIR UNIT K,,Ojai,CA,USA,93023,(805) 646-4420,https://ojaigreens.com/shop/recreational/,34.4425244,-119.238638,
ONA.life,2165 Francisco Blvd E,Suite B,San Rafael,CA,USA,94901,,https://www.ona.life/menu?,37.9455243,-122.4860839,delivery
Organic Greens Collective (OGC Goleta),5902 Daley Street,,Goleta,CA,USA,93117,(805) 770-0580,https://www.ogcollective.org/?,34.4311036,-119.8292169,
OTC,1745 VISTA WAY E,SUITE 7 - 10,Vista,CA,USA,92084,(760) 330-9599,https://offthechartsshop.com/shop/,33.2263806,-117.2255842,
OTC,4233 Crenshaw Blvd,,Los Angeles,CA,USA,90008,,https://www.gorillarxwellness.com/,34.0072027,-118.3351946,
Peoples OC,2721 GRAND AVE S,,Santa Ana,CA,USA,92705,(714) 582-3446,https://shop.peoplescali.com/stores/peoples,33.7105386,-117.8505248,
Planet 13 Orange County,3400 WARNER AVE,,Santa Ana,CA,USA,92704,(562) 732-1313,https://www.planet13dispensaries.com/menu/?dtche%5Blocation%5D=planet-13-orange-county,33.7133573,-117.9149225,
Purple Lotus Patient Center,752 COMMERCIAL ST,,San Jose,CA,USA,95112,(408) 456-0420,https://plpcsanjose.com/menu/,37.3650178,-121.8903544,
REEFER MADNESS,4693 RAMON RD,,Palm Springs,CA,USA,92264,(760) 424-8588,https://weedmaps.com/dispensaries/reefer-madness-4,33.8154709,-116.4954065,
Riverside Wellness-Guerneville,15025 River Road,,Guerneville,CA,USA,95446,(707) 869-8008,https://www.riversidewellnesscollective.com/,38.514374,-122.9831841,
Royal Apothecary L.L.C.,19821 Neuralia,,California City,CA,USA,93505,(760) 373-4747,https://royalapothecary.wm.store/,35.1090545,-117.9862823,
Safeport,353 W. Channel Islands Blvd W,,Port Hueneme,CA,USA,93041,(805) 843-3131,https://safeportcannabis.com/order-online/?,34.1762981,-119.2073221,
Satori Wellness,1551 Nursery RD,Suite A,Mckinleyville,CA,USA,95519,(707) 839-4599,https://www.satoriwellness.org/online-order?,40.9389079,-124.1029274,
Sava,2800 3rd st #202,,San Francisco,CA,USA,94107,,https://www.getsava.com/,37.7537348,-122.388187,delivery
SeaweedSF,2627 Taylor St,,San Francisco,CA,USA,94133,(415) 857-9050,https://www.seaweedsf.com/express-order/,37.8065511,-122.415661,
Serra,8151 W 3rd ST,,Los Angeles,CA,USA,90048,(323) 847-5040,https://dispensary.westhollywood.shopserra.com/stores/serra-la,34.0725423,-118.3670376,
Sespe Creek Collective,408 BRYANT CIR,UNIT C,Ojai,CA,USA,93023,(805) 640-6464,https://sespecreek.treez.io/onlinemenu/?customerType=ALL,34.4432146,-119.2379468,
Shangri La Care Cooperative,408 BRYANT CIRCLE ST UNIT G,,Ojai,CA,USA,93023,(805) 640-6464,https://ojaicannabis.com/?,34.4426565,-119.2378563,
Sixty-Four and Hope,2000 S La Cienega Blvd,,Los Angeles,CA,USA,90034,(833) 749-3687,https://shop.64andhope.com/embed/stores/3661,34.0401071,-118.3767583,
Smart Collective,10745 RIVERSIDE DR,,N HOLLYWOOD,CA,USA,91602,(818) 856-8208,https://www.gosmartcannabis.com/order-online/,34.1525267,-118.3651188,
Society Jane,1278 Indiana St #301,,San Francisco,CA,USA,94107,(415) 926-8449,https://www.societyjane.com/shop?,37.7542635,-122.3911491,delivery
Solful,785 Gravenstien HWY South,,Sebastopol,CA,USA,95472,(707) 596-9040,https://solful.com/menu/,38.3951446,-122.8185209,
SPARC,1061 N. Dutton Ave,,Santa Rosa,CA,USA,95401,(707) 843-3227,https://sparc.co/,38.4452501,-122.7307839,
SPARC,473 Haight St,,San Francisco,CA,USA,94117,(415) 805-1085,https://sparc.co/,37.7719764,-122.4298696,
SPARC,6771 Sebastopol Ave,,Sebastopol,CA,USA,95472,(707) 823-4206,https://sparc.co/,38.4024765,-122.8203059,
Stash Studio City,12433 Ventura Blvd,,Studio City,CA,USA,91604,(818) 810-5353,https://stashstudiocity.com/,34.143034,-118.404153,
Stiiizy,300 Mission Rd S,BLDG,Los Angeles,CA,USA,90033,,https://www.stiiizy.com/,34.0443288,-118.2269867,
Strains Dispensary,820 RIDER ST,,Perris,CA,USA,92571,(951) 473-8765,https://strainsusa.com/menu/,33.8307818,-117.2445652,
Sweet Flower,11705 Ventura Blvd,,Studio City,CA,USA,91604,(818) 794-6420,https://sweetflower.com/stores/studio-city/,34.1418329,-118.3879959,
Sweet Flower,1411 WESTWOOD BLVD,,Los Angeles,CA,USA,90024,(424) 499-0420,https://sweetflower.com/stores/westwood/,34.0549338,-118.4416799,
Sweet Flower,614 Mateo St.,,Los Angeles,CA,USA,90021,(213) 377-9420,https://sweetflower.com/stores/arts-district/,34.0374298,-118.2322638,
Sweet Flower,8163 Melrose Ave,,Los Angeles,CA,USA,90046,(323) 591-2662,https://sweetflower.com/stores/melrose/,34.083985,-118.3674,
Synchronicity Holistic,26390 Carmel Rancho Ln,,Carmel,CA,USA,93923,(831) 624-9042,https://www.synchronicityholistic.com/curbside-pickup,36.5403269,-121.9067524,
Tahoe Green,3930 LAKE TAHOE BLVD,,S LAKE TAHOE,CA,USA,96150,(530) 725-1555,https://www.tahoegreen.com/menu,38.9530183,-119.9469732,
TAHOE WELLNESS CENTER,3445 Lake Tahoe Boulevard,,S Lake Tahoe,CA,USA,96150,(530) 544-8000,https://www.tahoewellness.com/menu,38.9462121,-119.9655819,
The Artist Tree,8625 SANTA MONICA BLVD,,West Hollywood,CA,USA,90069,(310) 461-4134,https://www.theartisttree.com/order-online/,34.0878217,-118.3799153,
The Artist Tree,8311 Beverly Blvd,,Los Angeles,CA,USA,90048,(323) 424-3035,https://www.theartisttree.com/order-online-beverly-hills/,34.0763226,-118.370464,
The Artist Tree,520 Western Ave s,Bldg,Los Angeles,CA,USA,90020,(213) 985-1815,https://www.theartisttree.com/order-online-koreatown/,34.0647058,-118.30891,
The Cake House,1275 S Santa Fe Ste 101 Vista,,Vista,CA,USA,92083,(760) 295-0755,https://cakehousecannabis.com/cake-shop,33.1870032,-117.2254923,
The Cannabist,4645 De Soto St.,,San Diego,CA,USA,92109,(858) 324-5130,https://gocannabist.com/san-diego-menu/,32.8079859,-117.2175911,
The Corner LB,2760 Spring St E,Suite 120,Long Beach,CA,USA,90806,(562) 612-1656,https://www.thecornerlbc.com/expressorder?,33.8112958,-118.1593659,
The Country Club - Distro,3525 Redwood Dr,SUITE B,Redway,CA,USA,95560,(707) 888-5953,,40.1215958,-123.8241103,
The Green Goddess Collective,1716 Main Street,,Venice,CA,USA,90291,(844) 420-8442,https://shop.greengoddesscollective.com/stores/green-goddess-collective1,33.9875724,-118.4705112,
The Growcery,5818 West Pico Blvd.,,Los Angeles,CA,USA,90019,(323) 852-3420,https://embed.getmeadow.com/organizations/427,34.0509584,-118.3653301,
The Healing Tree,480 3rd St.,,Lake Elsinore,CA,USA,92530,(951) 471-8555,https://thehealingtree.treez.io/onlinemenu/?customerType=ALL,33.6839712,-117.3399547,
"THE HERBIVORE, INC.",709 CALIFORNIA BLVD,,Napa,CA,USA,94559,(844) 627-2283,https://herbivorenapa.com/menu/,38.2960206,-122.3009852,
The Higher Path,14080 Ventura Boulevard,,Sherman Oaks,CA,USA,91423,(818) 385-1224,https://www.thehigherpath.com/dispensaries/menu/?,34.1492015,-118.4398125,
The Leaf,73740 El Paseo,,Palm Desert,CA,USA,92260,(760) 568-5323,theleafchronicle.com,33.7200771,-116.3782353,
The Lift,2800 4th St. E,,Long Beach,CA,USA,90814,(562) 434-4420,https://www.theliftcannabis.com/order-online,33.7714613,-118.1586901,
The Lighthouse Palm Springs,395 N Palm Canyon Dr.,,Palm Springs,CA,USA,92262,(760) 320-4420,https://www.lighthousedispensary.com/palm-springs/,33.8284885,-116.5471931,
The Reef,1900 Fremont Blvd.,,Seaside,CA,USA,93955,(831) 900-7333,https://montereybayreef.com/menu/,36.6169149,-121.841157,
Torrey Holistics,10671 Roselle Street,Suite 100,San Diego,CA,USA,92121,(858) 558-1420,https://torreyholistics.com/menu/?dtche%5Bpath%5D=brands%2Fd1ddb85a-e375-4aa0-ad29-9f20bae10e33,32.8981873,-117.2219092,
Torrey Holistics,101 Old Mammoth Rd,Suite A,Mammoth Lakes,CA,USA,93546,(760) 663-7570,https://www.mammothholistics.com/menu/?dtche%5Bpath%5D=brands%2Fd1ddb85a-e375-4aa0-ad29-9f20bae10e33,37.6451466,-118.9657907,
TreeHouse,3651 Soquel Dr.,,Soquel,CA,USA,95073,(831) 471-8289,https://shop.ourtreehouse.io/stores/treehouse/brands/d1ddb85a-e375-4aa0-ad29-9f20bae10e33,36.9875145,-121.9677958,
Two Rivers Wellness,315 10TH ST N,,Sacramento,CA,USA,95811,(916) 389-0083,https://www.tworivers-sac.com/menu,38.5923518,-121.4870792,
Urbana,4811 Geary Blvd,,San Francisco,CA,USA,94118,(415) 702-6767,https://nueracannabis.com/urbana-adult-use-menu/,37.7804212,-122.4711598,
Urbana,33 29th ST,,San Francisco,CA,USA,94110,(415) 814-3519,https://urbananow.com/urbana-mission-san-francisco-cannabis-dispensary,37.7438325,-122.4216653,
Urbn Leaf,1028 Buenos Ave,,San Diego,CA,USA,92110,(619) 275-2235,urbnleaf.com,32.7674427,-117.2022665,
Urbn Leaf,1028 Buenos Ave,,San Diego,CA,USA,92110,(619) 275-2235,https://urbnleaf.com/dispensaries/ca/san-diego/bay-park-pick-up/,32.7674427,-117.2022665,
Urbn Leaf,239 3RD ST S,,GROVER BEACH,CA,USA,93433,(805) 556-4198,https://urbnleaf.com/grover-beach-pick-up/,35.12042,-120.6275849,
Urbn Leaf,7339 El Cajon Blvd,Suite C,La Mesa,CA,USA,91942,(619) 784-2525,https://urbnleaf.com/dispensaries/urbn-leaf-la-mesa-dispensary/,32.7677906,-117.0389974,
Urbn Leaf,658 San Ysidro Blvd,E,San Diego,CA,USA,92173,(619) 663-6337,https://urbnleaf.com/dispensaries/ca/san-ysidro/san-ysidro-menu/,32.5465108,-117.0334544,
Urbn Leaf,909 Vista Way W,,Vista,CA,USA,92083,(760) 330-5078,https://urbnleaf.com/dispensaries/vista-dispensary-menu/,33.2108158,-117.2316386,
Urbn Leaf,2943 DAYLIGHT WAY,,San Jose,CA,USA,95111,(408) 224-0420,https://urbnleaf.com/dispensaries/san-jose-order-online/,37.2886716,-121.8495449,
Urbn Leaf,680 BROADWAY AVE,SUITE A,Seaside,CA,USA,93955,(831) 233-3422,https://urbnleaf.com/dispensaries/ca/seaside/seaside-menu/,36.6090166,-121.8494183,
Velvet,4808 SUNRISE DRIVE,,Martinez,CA,USA,94553,(925) 222-5044,https://go-velvet.com/order-online,38.0005221,-122.0817533,
Vista TradeCraft,732 E Vista Way STE A,,Vista,CA,USA,92084,(760) 295-8572,https://www.shoptradecraftfarms.com/vista-location,33.2083751,-117.2361493,
"Voyage Distribution, Inc.",727 GLADYS AVE,,Los Angeles,CA,USA,90021,,,34.0379659,-118.2447362,
WellGreens,5301 Lake Murray Blvd,,La Mesa,CA,USA,91942,(619) 825-7111,https://www.wellgreens.store/shop?dtche%5Bpath%5D=brands%2Fd1ddb85a-e375-4aa0-ad29-9f20bae10e33,32.775075,-117.0448136,
"West Cliff Provisions, Inc.",1100 Fair Ave,#B,Santa Cruz,CA,USA,95060,(831) 345-0281,,36.9593916,-122.0454786,
West Coast Cannabis Club,42650 Melanie Place,,Palm Desert,CA,USA,92211,(760) 636-0824,https://westcoastcannabis.club/palm-desert-melanie-place/,33.7385031,-116.3521099,
"West Valley Patients Center, Inc.",23043 Ventura Blvd,,Woodland Hills,CA,USA,91364,(818) 224-4146,,34.1644188,-118.6282611,
Winter Greens,10960 W River St,Unit 103A,Truckee,CA,USA,96161,530-562-7017,https://www.wintergreensdelivery.com/order?,39.3197792,-120.1970835,delivery
Zen Healing Collective,8464 Santa Monica Boulevard,,West Hollywood,CA,USA,90069,(323) 656-6666,https://zenweho.com/order-online/,34.0896146,-118.3756135,
Zen Humboldt,437 F ST,,Eureka,CA,USA,95501,(707) 407-0455,https://www.zenhumboldt.com/menu,40.8020964,-124.1658876,
Ascend IL,628 E Adams Street,,Springfield,IL,USA,62701,(217) 679-3283,https://letsascend.com/shop-med/?loc=82&ifso=IL,39.8002649,-89.6466808,
Ascend IL,1014 Eastport Plaza Drive,,Collinsville,IL,USA,62234,(312) 535-3905,https://letsascend.com/shop-med/?loc=84&ifso=IL,38.6780873,-90.0164324,
Ascend IL,3201 Horizon Drive,,Springfield,IL,USA,62703,(217) 492-8182,https://letsascend.com/shop/?ifso=IL&loc=104&w-route=home,39.7680683,-89.6049916,
Ascend IL,114 Commerce Lane,,Fairview Heights,IL,USA,62208,(217) 492-8030,https://letsascend.com/shop/?ifso=IL&loc=106&w-route=home,38.5987848,-89.9898919,
Ascend MOCA,2847 W Fullerton Ave,,Chicago,IL,USA,60647,(773) 722-6622,https://letsascend.com/shop-med/?loc=4588&ifso=CH,41.9246128,-87.6992819,
Ascend MOCA,216 W. Ohio Street,,Chicago,IL,USA,60654,(773) 722-6622,https://letsascend.com/shop/?ifso=CH&loc=4585&w-route=home,41.89251,-87.634946,
Beyond/Hello Illinois,1401 Mississippi Ave,Suite 17,Sauget,IL,USA,62201,(618) 874-9800,https://beyond-hello.com/illinois-dispensaries/sauget-route3/,38.6039384,-90.1745825,
Beyond/Hello Illinois,118 Keaton Place,,Bloomington,IL,USA,61704,(309) 590-3005,https://beyond-hello.com/illinois-dispensaries/bloomington/,40.5014665,-88.9515023,
Beyond/Hello Illinois,501 West Northtown Road,,Normal,IL,USA,61761,(309) 434-5141,https://beyond-hello.com/illinois-dispensaries/normal/,40.5464118,-89.0311834,
Beyond/Hello Illinois,2021 Goose Lake Road,,Sauget,IL,USA,62206,(618) 663-4311,https://beyond-hello.com/illinois-dispensaries/sauget/,38.5640019,-90.1346178,
Columbia Care Illinois,133 W. Roosevelt Rd.,,Villa Park,IL,USA,60181,(630) 396-3261,https://gocannabist.com/location/villa-park/,41.8600034,-88.0191196,
Columbia Care Illinois,4758 N. Milwaukee Ave.,,Chicago,IL,USA,60630,(312) 948-9082,https://col-care.com/location/chicago/,41.9668837,-87.7602462,
Consume,201 E. Main St. Suite A,,Carbondale,IL,USA,62901,(618) 238-2300,https://www.consumecannabis.com/dispensary-menu/illinois/carbondale-recreational-menu,37.7271869,-89.2150324,
Consume,6428 N Milwaukee Avenue,,Chicago,IL,USA,60631,(872) 304-3113,https://www.consumecannabis.com/dispensary-menu/illinois/chicago-recreational-menu,41.9978898,-87.7887646,
Consume,8195 Express Drive,,Marion,IL,USA,62959,(618) 969-8217,https://www.consumecannabis.com/dispensary-menu/illinois/marion-medical-menu,37.7456392,-89.0072895,
Consume,1S130 Summit Ave,,Oakbrook Terrace,IL,USA,60181,(630) 598-4900,https://www.consumecannabis.com/dispensary-menu/illinois/oakbrook-terrace-recreational-menu,41.8581376,-87.9733641,
Curaleaf IL,151 S Pfingsten Rd. Unit V,,Deerfield,IL,USA,60015,(847) 686-2821,https://curaleaf.com/dispensary/illinois/curaleaf-il-deerfield/info,42.1503134,-87.8458434,
Curaleaf IL,8340 South Roberts Road,,Justice,IL,USA,60458,(708) 793-8100,https://curaleaf.com/shop/illinois/curaleaf-il-justice,41.7390232,-87.8194817,
Curaleaf IL,923 W Weed street,,Chicago,IL,USA,60642,(872) 249-0246,https://curaleaf.com/shop/illinois/curaleaf-il-weed-street,41.9096156,-87.6521169,
Curaleaf IL,1413 W North Ave,,Melrose Park,IL,USA,60160,(872) 249-0809,https://curaleaf.com/shop/illinois/curaleaf-il-melrose-park,41.9086758,-87.8509085,
Curaleaf IL,9930 W 190th St. Unit H,,Mokena,IL,USA,60448,(708) 258-1141,https://curaleaf.com/shop/illinois/curaleaf-il-mokena,41.545665,-87.8585817,
Curaleaf IL,2400 W US Route 6,,Morris,IL,USA,60450,(815) 513-0124,https://curaleaf.com/shop/illinois/curaleaf-il-morris,41.3714308,-88.468205,
Curaleaf IL,755 Skokie Blvd.,,Northbrook,IL,USA,60062,(224) 269-4545,https://curaleaf.com/shop/illinois/curaleaf-il-northbrook,42.1390944,-87.7914546,
Curaleaf IL,1000 Skokie Blvd,,Skokie,IL,USA,60077,(224) 707-9072,https://curaleaf.com/shop/illinois/curaleaf-il-skokie,42.0795206,-87.754315,
Curaleaf IL,11 E Ogden Ave,,Westmont,IL,USA,60559,(630) 796-0715,https://curaleaf.com/shop/illinois/curaleaf-il-westmont,41.8094865,-87.974709,
Curaleaf IL,11425 South Harlem,,Worth,IL,USA,60482,(708) 586-7600,https://curaleaf.com/shop/illinois/curaleaf-il-worth,41.683398,-87.7967366,
Dispensary 33,1152 W. Randolph,,Chicago,IL,USA,60607,(312) 767-5663,https://westloopmenu.dispensary33.com/,41.884532,-87.656302,
Dispensary 33,5001 N. Clark St.,,Chicago,IL,USA,60640,(312) 620-3333,https://menu.dispensary33.com/,41.9726913,-87.6677159,
EarthMed,852 South Westgate St.,,Addison,IL,USA,60101,(630) 607-0796,https://www.earthmed.com/location/addison/recreational,41.9107468,-87.9936836,
EarthMed,10441 E Touhy Ave,,Rosemont,IL,USA,60018,(224) 275-9333,https://www.earthmed.com/location/rosemont/recreational,42.0088932,-87.8890948,
Enlightened - Cannabis for People,2015 E. Euclid Ave.,,Mount Prospect,IL,USA,60056,(224) 801-2015,https://enlighteneddispensary.com/mount-prospect/all-products/,42.0873599,-87.8935986,
Enlightened - Cannabis for People,820 E Golf Road,,Schaumburg,IL,USA,60173,(847) 773-0820,https://enlighteneddispensary.com/schaumburg/all-products/,42.0508017,-88.0585797,
GreenGate Chicago,7305 N Rogers,,Chicago,IL,USA,60626,(773) 516-4007,https://www.greengatechicago.com/menu/,42.0138632,-87.6794154,
Greenhouse,2400 W US Route 6,,Morris,IL,USA,60450,,https://www.leafly.com/dispensary-info/greenhouse-morris-7164/menu?q=cann,41.3714308,-88.468205,
GTI Illinois,8153 51st St.W,,Rock Island,IL,USA,61264,,https://www.gtigrows.com/,41.4403312,-90.6376322,
Hatch,"1433 W. Fullerton Ave, Suite C",,Addison,IL,USA,60101,(630) 519-1300,https://gohatch.com/recreational/,41.9186096,-88.0242663,
Hatch,1500 E Lake Cook Road,,Wheeling,IL,USA,60090,(224) 434-2320,https://gohatch.com/wheeling-recreational-menu/,42.1542344,-87.9528935,
Mapleglen Care Center,4777 Stenstrom Road,,Rockford,IL,USA,61109,(779) 368-5154,https://mapleglencc.com/shop/,42.2244342,-89.0235714,
Maribis - Chicago,4570 S. Archer Ave,,Chicago,IL,USA,60632,(773) 940-2216,https://maribisllc.com/order-ahead.html?store=1707#menu,41.810286,-87.711063,
Maribis - Chicago,1137 S. Mannheim Rd.,,Westchester,IL,USA,60154,(708) 223-5607,https://maribisllc.com/order-ahead.html?store=3103#menu,41.8640312,-87.8821496,
Maribis - Springfield,3025 W. Lindbergh Blvd,,Springfield,IL,USA,62704,(217) 280-5461,https://maribisllc.com/order-ahead.html?store=3102#menu,39.7541918,-89.7116536,
Maribis - Springfield,2272 N Grand Ave East,,Springfield,IL,USA,62702,(217) 503-4296,https://maribisllc.com/medical.html?store=1708,39.8162291,-89.6190143,
MedMen IL,1132 Lake Street,,Oak Park,IL,USA,60301,,https://www.medmen.com/chicago-oak-park-menu,41.8887173,-87.8042283,
Midway Chicago Ridge,9820 S Ridgeland Ave,,Chicago Ridge,IL,USA,60415,(872) 250-3890,https://www.midwaydispensary.com/,41.7143559,-87.780138,
Midway Dispensary,5648 S. Archer Ave,,Chicago,IL,USA,60638,(872) 267-7038,https://www.midwaydispensary.com/,41.79759,-87.7520399,
Mission Illinois,1330 Torrence Ave,,Calumet City,IL,USA,60409,(773) 530-0088,https://calumet-city-adult-use.missiondispensaries.com/stores/mission-calumet-city,41.5980924,-87.5594772,
Mission Illinois,8554 S. Commercial Ave.,,Chicago,IL,USA,60617,(773) 530-0088,https://chicago-medical.missiondispensaries.com/stores/mission-south-shore-med,41.7394352,-87.5517533,
Nature's Care,975 Rohlwing Road,,Rolling Meadows,IL,USA,60008,(847) 754-4955,https://naturescarecompany.com/adult-use,42.0994469,-88.0247294,
Nature's Care,810 W. Randolph Street,,Chicago,IL,USA,60607,(872) 250-6520,https://naturescarecompany.com/adult-use-menu-west-loop,41.884674,-87.6479774,
Nature's Treatment of Illinois,735 W Main st,,Galesburg,IL,USA,61401,(309) 315-4684,https://www.leafly.com/dispensary-info/nature-s-treatment-of-illinois---galesburg,40.9481407,-90.382666,
Nature's Treatment of Illinois,973 Tech Drive,,Milan,IL,USA,61265,(309) 283-7642,https://www.leafly.com/dispensary-info/nature-s-treatment-of-illinois,41.4422833,-90.5425856,
New Age Care,820 E Golf Road,,Schaumburg,IL,USA,60173,,,42.0508017,-88.0585797,
NuEra,102 E Green St,,Champaign,IL,USA,61820,,https://nueracannabis.com/champaign-adult-use-menu/,40.1104381,-88.2384162,
NuEra,1308 West North Avenue,,Chicago,IL,USA,60642,(773) 687-8480,https://nueracannabis.com/chicago-med-menu/,41.910823,-87.6608462,
NuEra,504 Riverside Drive,,East Peoria,IL,USA,61611,(309) 839-1330,https://nueracannabis.com/peoria-adult-use-menu/,40.6809635,-89.5820017,
NuEra,436 N Clark St,,Chicago,IL,USA,60654,(312) 481-7380,,41.8903008,-87.6314002,
NuEra,3249 Court St,,Pekin,IL,USA,61554,(309) 201-4086,https://nueracannabis.com/pekin-adult-use-menu/,40.5475728,-89.6029309,
NuEra,105 E. University Avenue,,Urbana,IL,USA,61801,(217) 607-2867,https://nueracannabis.com/urbana-med-menu/,40.1160234,-88.2061634,
Rise Illinois,3104 N Main Street,,Canton,IL,USA,61520,(309) 647-9333,https://risecannabis.com/dispensary-menu/illinois/canton-medical-menu/,40.600118,-90.0344176,
Rise Illinois,1101 Ford Avenue,Suite C,Effingham,IL,USA,62401,(217) 727-7715,https://risecannabis.com/dispensary-menu/illinois/effingham-adult-use-rec-menu/,39.1421322,-88.5546383,
Rise Illinois,2903 Colorado Ave,,Joliet,IL,USA,60431,(815) 733-1167,https://risecannabis.com/dispensary-menu/illinois/joliet--adult-use-rec-menu/,41.5772002,-88.1605086,
Rise Illinois,1627 Rock Creek Blvd,,Joliet,IL,USA,60431,(815) 773-9300,https://risecannabis.com/dispensary-menu/illinois/joliet-rock-creek-medical-menu/,41.4922597,-88.1719952,
Rise Illinois,1325 Armour Boulevard,,Mundelien,IL,USA,60060,,https://risecannabis.com/dispensary-menu/illinois/mundelein-adult-use-rec-menu/,42.2379658,-87.9839678,
Rise Illinois,1700 Quincy Avenue,Unit 103,Naperville,IL,USA,60540,,https://risecannabis.com/dispensary-menu/illinois/naperville-medical-menu/,41.7744514,-88.1908419,
Rise Illinois,9621 N Milwaukee Ave,,Niles,IL,USA,60714,,https://risecannabis.com/dispensary-menu/illinois/niles-adult-use-rec-menu/,42.0553417,-87.8383216,
Rise Illinois,2703 Broadway St,,Quincy,IL,USA,62301,,https://risecannabis.com/dispensary-menu/illinois/quincy-adult-use-rec-menu/,39.9356794,-91.3717868,
Rise Illinois,270 N Randall Road,,Village of Lake in the Hills,IL,USA,60156,,https://risecannabis.com/dispensary-menu/illinois/lake-in-the-hills-recreational-menu/,42.1800842,-88.3362663,
Sunnyside* Illinois,830 N Milwaukee Ave,,Buffalo Grove,IL,USA,60089,,https://www.sunnyside.shop/locations,42.1670544,-87.9225934,
Sunnyside* Illinois,1704 S Neil St.,C,Champaign,IL,USA,61820,,https://www.sunnyside.shop/locations,40.0956578,-88.244726,
Sunnyside* Illinois,369 Lynch Drive,,Danville,IL,USA,61834,,https://www.sunnyside.shop/locations,40.1229938,-87.541633,
Sunnyside* Illinois,7955 W Grand Ave,,Elmwood Park,IL,USA,60707,,https://www.sunnyside.shop/locations,41.9267616,-87.8256927,
Sunnyside* Illinois,3812 N Clark St.,,Chicago,IL,USA,60613,,https://www.sunnyside.shop/locations,41.951393,-87.6601468,
Sunnyside* Illinois,2740 W. 75th St.,,Naperville,IL,USA,60564,,https://www.sunnyside.shop/locations,41.7463878,-88.2014501,
Sunnyside* Illinois,436 N Clark Street,,Chicago,IL,USA,60654,,https://www.sunnyside.shop/locations,41.8903008,-87.6314002,
Sunnyside* Illinois,2696 McMarland Road,,Rockford,IL,USA,61107,,https://www.sunnyside.shop/locations,42.2997197,-88.9790048,
Sunnyside* Illinois,1735 E Golf Road,,Schaumburg,IL,USA,60173,,https://www.sunnyside.shop/locations,42.0503486,-88.0396056,
Sunnyside* Illinois,7000 1st Ranger Drive,,South Beloit,IL,USA,61080,,https://www.sunnyside.shop/locations,42.4897918,-88.9960556,
The Dispensary,1709 Il Route 35 N.,,East Dubuque,IL,USA,61025,,http://www.thedispensaryfulton.com/east-dubuque-adult-use-menu/,42.5057078,-90.6158713,
The Dispensary,1801 16th ave,unit 4,Fulton,IL,USA,61252,,http://www.thedispensaryfulton.com/menu/,41.8623465,-90.1468078,
Thrive Dispensary,87 Richview Dr,,Anna,IL,USA,62906,,https://thriveil.com/anna-rec-menu/?,37.4670832,-89.2273683,
Thrive Dispensary,105 Veterans Dr,,Harrisburg,IL,USA,62946,,https://thriveil.com/medical-menu-harrisburg/?,37.7495738,-88.5308295,
Thrive Dispensary,800 South 45th Street,,Mount Vernon,IL,USA,62864,,https://thriveil.com/mount-vernon-rec-menu/,38.3084839,-88.951,
Thrive Dispensary,1551 E 5th Street,,Metropolis,IL,USA,62960,,https://thriveil.com/metropolis-menu/,37.1543217,-88.7127773,
VeriLife IL,60 West Superior,,Chicago,IL,USA,60654,,https://www.verilife.com/il/menu/verilife-river-north-il,41.8959417,-87.6304765,
VeriLife IL,1816 S. Arlington Heights Rd.,,Arlington Heights,IL,USA,60005,,https://www.verilife.com/il/menu/arlington-heights-medical,42.052865,-87.983468,
VeriLife IL,1804 Maple Ave,,Evanston,IL,USA,60201,,,42.0501654,-87.685026,
VeriLife IL,115 Perry St,,Galena,IL,USA,61036,,https://www.verilife.com/il/menu/verilife-galena-il,42.4160529,-90.4268425,
VeriLife IL,161 S Lincolnway St,Suite 301,North Aurora,IL,USA,60542,,https://www.verilife.com/il/menu/recreational-north-aurora-il,41.800003,-88.3244776,
VeriLife IL,4104 North Columbus Street,,Ottawa,IL,USA,61350,,https://www.verilife.com/il/menu/ottawa-medical,41.379595,-88.8352623,
VeriLife IL,1335 Lakeside Drive,Unit 4,Romeoville,IL,USA,60446,,https://www.verilife.com/il/menu/romeoville-recreational,41.670568,-88.0735099,
VeriLife IL,5540 Park Pl,,Rosemont,IL,USA,60018,,https://www.verilife.com/il/menu/verilife-rosemont-il,41.9786609,-87.866312,
VeriLife IL,150 Barrington Road,,Schaumburg,IL,USA,60194,,https://www.verilife.com/il/menu/verilife-schaumburg-il,42.0275694,-88.146024,
Windy City Cannabis,125 S Western Ave,,Carpentersville,IL,USA,60110,,https://www.windycitycannabis.com/carpentersville-rec-menu,42.1045267,-88.2916843,
Windy City Cannabis,719 W Union Ave,,Litchfield,IL,USA,62056,,https://www.windycitycannabis.com/litchfield-medical-menu,39.1783862,-89.6628611,
Windy City Cannabis,260 Green Bay Road,,Highwood,IL,USA,60040,,https://www.windycitycannabis.com/highwood-rec-menu,42.2018088,-87.8101033,
Windy City Cannabis,1137 West 175th Street,,Homewood,IL,USA,60430,,https://www.windycitycannabis.com/homewood-menu,41.5712942,-87.6447786,
Windy City Cannabis,719 W Union Ave,,Litchfield,IL,USA,62056,,https://www.windycitycannabis.com/litchfield-rec-menu,39.1783862,-89.6628611,
Windy City Cannabis,518 W. Jackson St,,Macomb,IL,USA,61455,,https://www.windycitycannabis.com/macomb-rec-menu,40.4592341,-90.6790466,
Windy City Cannabis,2535 Veterans Drive,,Posen,IL,USA,60469,,https://www.windycitycannabis.com/posen-rec-menu,41.6252995,-87.6832311,
Zen Leaf IL,740 N. Route 59,,Aurora,IL,USA,60504,,https://zenleafdispensaries.com/locations/aurora-recreational-menu/,41.7657414,-88.2063224,
Zen Leaf IL,909 Lincoln Ave,,Charleston,IL,USA,61920,,https://zenleafdispensaries.com/locations/charleston-recreational-menu/,39.4849405,-88.171938,
Zen Leaf IL,1804 Maple Ave.,,Evanston,IL,USA,60201,,https://zenleafdispensaries.com/locations/evanston-medical-menu/,42.0501654,-87.685026,
Zen Leaf IL,1460 Old Skokie Rd,Unit A,Highland Park,IL,USA,60035,,https://zenleafdispensaries.com/locations/highland-park-medical-menu/,42.1789408,-87.8197801,
Zen Leaf IL,783 Butterfield Road,,Lombard,IL,USA,60148,,https://zenleafdispensaries.com/locations/lombard-recreational-menu/,41.8396166,-87.9975082,
Zen Leaf IL,1516 N. Naper Blvd,Ste.100,Naperville,IL,USA,60563,,https://zenleafdispensaries.com/locations/naperville-recreational-menu/,41.7974032,-88.1186517,
Zen Leaf IL,1434 E. Rand Road,,Prospect Heights,IL,USA,60074,,https://zenleafdispensaries.com/locations/prospect-heights-recreational-menu/,42.1023009,-87.966049,
Zen Leaf IL,3714 Illinois Avenue,,St. Charles,IL,USA,60174,,https://zenleafdispensaries.com/locations/st-charles-medical-menu/,41.9179195,-88.2710243,
Zen Leaf IL,1301 S Western Avenue,,Chicago,IL,USA,60608,,,41.8645218,-87.6856493,
Zen Leaf IL,222 S. Halsted St.,,Chicago,IL,USA,60661,,https://zenleafdispensaries.com/locations/west-loop-recreational-menu/,41.8785039,-87.6474252,
Affinity Boston - RMD1586-R,591 Albany St,,Boston,MA,USA,2118,,https://www.affinityne.com/menu-boston/,42.337513,-71.068371,
"Apothca, Inc. - RMD345-C",1386 Massachusetts Avenue,,Arlington,MA,USA,2476,,https://apothca.com/pages/menu-arlington?,42.4244085,-71.1846992,
Ascend Boston Dispensary - MR282077,272 Friend Street,,Boston,MA,USA,2114,,https://letsascend.com/shop/?ifso=MA&loc=110&w-route=home,42.3646296,-71.0615132,
"BWell Holdings, Inc.",220 Commercial Street,,Provincetown,MA,USA,,,https://www.bwell.life/order?,42.04977,-70.1885767,
Cookies Worcester - MRN282318,Cambridge Street 118,,Worcester,MA,USA,1603,,https://cookies.co/stores/worcester,42.2432305,-71.8263179,
"Elevated Roots, LLC - MR283092",44 William C Gould Jr. Way,,Kingston,MA,USA,2364,,https://elevatedrootsma.com/menu/?,41.9721483,-70.706346,
"Garden Wonders, Inc. - MR281970",3 Route 146A,,Millville,MA,USA,1529,,https://www.leafly.com/dispensary-info/garden-wonders,42.0137929,-71.5867643,
"Highminded, LLC d/b/a Farnsworth - MRN282318",126 Main Street,,Great Barrington,MA,USA,1230,,https://www.farnsworthfinecannabis.com/preorder-thc,42.1994697,-73.3603351,
"Mayflower Medicinals, Inc. - RMD425-P",645 Park Avenue,,Worcester,MA,USA,1603,,https://mayflowermedicinals.com/worcester/?,42.2462684,-71.8340625,
"NatureÕs Remedy of Massachusetts, Inc. - MR282118",420 Middlesex Road,,Tyngsboro,MA,USA,1879,,https://www.naturesremedyma.com/menu/tyngsboroughmenu/?,42.6950779,-71.4376942,
"NatureÕs Remedy of Massachusetts, Inc. -MR281553",266 North Main St.,,Millbury,MA,USA,1527,,https://www.naturesremedyma.com/menu/millburymenu/,42.206379,-71.7773189,
"Northeast Alternatives, Inc. - MR281314",999 William Canning Boulevard,,Fall River,MA,USA,2721,,https://www.nealternatives.com/menu/?,41.6655455,-71.1571521,
Rebelle | Great Barrington - MR282695,783 S Main St,,Great Barrington,MA,USA,1230,,https://letsrebelle.com/menu/,42.1791367,-73.3628796,
Rise Holdings - MP281453,175 Circuit Ave,,West Springfield,MA,USA,1089,,0,42.0924315,-72.6076324,
"RISE Holdings, Inc. - MR281254",169 Meadow Street,,Amherst,MA,USA,1002,,https://risecannabis.com/dispensary-menu/massachusetts/amherst-medical-menu/,42.4087279,-72.539477,
"United Cultivation, LLC - MR282633",601-603 Fitchburg State Road,,Ashby,MA,USA,1431,,https://www.unitedcult.com/order-now,42.6478263,-71.7906681,
"Western Front, LLC - MR281907",121 Webster Avenue,,Chelsea,MA,USA,2150,,https://www.westernfrontus.com/menu/,42.4016068,-71.0240545,
Cookies,4240 W. Flamingo Rd. #100,,Las Vegas,NV,USA,89103,(702) 710-0810,https://www.cookiesflamingo.com/?,36.116026,-115.196742,
Cultivate,3615 Spring Mountain Rd,,Las Vegas,NV,USA,89102,(702) 829-4205,https://cultivatelv.com/,36.1261232,-115.1885917,
GREEN Cannabis,3650 S. Decator Blvd,,Las Vegas,NV,USA,89103,(702) 620 8619,https://greennv.com/menu/?,36.1237099,-115.2073495,
Euphoria,7780 S Jones Blvd,,Las Vegas,NV,USA,,(702) 960-7200,https://euphoriawellnessnv.com/,36.0479881,-115.224439,
Essence Trop,5756 W. Tropicana Ave,,Las Vegas,NV,USA,89103,(702) 500-1714,https://essencevegas.com/tropicana-west/,36.1001951,-115.2198189,
Essence Cookies Strip,2307 S. Las Vegas Blvd.,,Las Vegas,NV,USA,89104,(725) 666-0174,https://cookies.co/stores/las-vegas-strip#menu,36.1447926,-115.1563536,
Essence - Henderson,4300 E. Sunset Road. St A2/A3,,Las Vegas,NV,USA,89104,(702) 978-7687,https://essencevegas.com/henderson/,36.0723682,-115.0809386,
Essence - Rainbow,7260 S Rainbow Blvd Suite 104,,Las Vegas,NV,USA,89118,(725) 206-6911,https://essencevegas.com/south-rainbow/,36.0566561,-115.2422221,
Essence - Durango,6410 S Durango Dr Suite 115,,Las Vegas,NV,USA,89113,(775) 877-9367,https://essencevegas.com/durango-menu/,36.0718655,-115.2788504,
Rise Dispensaries,135 E Clearview Dr #119,,Carson City,NV,USA,89701,(775) 461-3909,https://risecannabis.com/dispensary-menu/nevada/carson-city-menu/,39.1278898,-119.7691589,
Rise Dispensaries,9650 Pyramid Way,,Spanish Springs,NV,USA,89441,(775) 501-5457,https://risecannabis.com/dispensary-menu/nevada/spanish-springs-menu/,39.637475,-119.7093466,
Inyo Fine Cannabis Dispensary,2520 S. Maryland Pkwy,,Las Vegas,NV,USA,89109,,https://www.inyolasvegas.com/delivery-pickup-orders/,36.1438498,-115.1350574,
Jardin Premium Cannabis,2900 E Desert Inn Rd Suite #102,,Las Vegas,NV,USA,89121,,https://jardinlasvegas.com/,36.1304716,-115.1109205,
Jenny's Dispensary,5530 N Decatur Blvd #115,,Las Vegas,NV,USA,89130,,https://jennysdispensary.com/north-las-vegas-menu/,36.2604103,-115.2067474,
Las Vegas Releaf,2244 Paradise Rd,,Las Vegas,NV,USA,89104,,https://www.lasvegasreleaf.com/menu/,36.1441521,-115.1554387,
Medmen Paradise,823 S 3rd St,,Las Vegas,NV,USA,89101,,https://www.medmen.com/menu/26?fullMenu=false&orderBy=0,36.1610621,-115.1485946,
Medmen DTLV,4503 Paradise Rd,Suite 210-240,Las Vegas,NV,USA,89169,,https://www.medmen.com/menu/25?fullMenu=false&orderBy=0,36.1070574,-115.1525552,
Medmen Spring Valley,6332 S Rainbow Blvd #105,,Las Vegas,NV,USA,89118,,https://www.medmen.com/menu/20?fullMenu=false&orderBy=0,36.0737053,-115.2420964,
Planet 13,2548 W Desert Inn Rd Suite 100,,Las Vegas,NV,USA,89109,,https://www.planet13lasvegas.com/menu/?,36.1302168,-115.1759933,
Reef Dispensaries,3400 Western Ave,,Las Vegas,NV,USA,89109,,https://reefdispensaries.com/locations/las-vegas/order-now/,36.1281297,-115.176966,
Reef Dispensaries,1370 W Cheyenne Ave #111,,North Las Vegas,NV,USA,89030,,https://reefdispensaries.com/locations/north-las-vegas/order-now/,36.2195106,-115.1599356,
Reef Dispensaries,195 E Glendale Ave Suite 3,,Sparks,NV,USA,89431,,https://reefdispensaries.com/locations/sparks-reno/order-now/,39.5270871,-119.7402227,
Reef Dispensaries,5105 Sun Valley Blvd bldg b,,Sun Valley,NV,USA,89433,,https://reefdispensaries.com/locations/sun-valley/order-now/,39.5788811,-119.780656,
The Apothecarium,7885 W Sahara Ave #112,,Las Vegas,NV,USA,89117,,https://apothecariumnv.com/shopping-page-lasvegas/,36.1427679,-115.2622586,
Exhale Nevada Dispensary,4310 W Flamingo Rd,,Las Vegas,NV,USA,89103,,https://exhalebrands.com/,36.1160859,-115.198156,
The Dispensary,5347 S Decatur Blvd #100,,Las Vegas,NV,USA,89118,,https://www.thedispensarynv.com/shop-las-vegas?hsCtaTracking=491c67d5-e77b-4948-8240-0fa788268bad%7C878f9366-92e5-482b-8885-f6bf5d1838f4,36.0925448,-115.2085074,
The Dispensary,50 N Gibson Rd #170,,Henderson,NV,USA,89014,,https://www.thedispensarynv.com/henderson-cannabis-dispensary?,36.0346502,-115.0289187,
The Dispensary NV,100 W Plumb Ln,,Reno,NV,USA,89509,,https://www.thedispensarynv.com/reno-cannabis-dispensary?,39.5053795,-119.8052546,
The Dispensary,8605 S Eastern Ave Suite A,,Las Vegas,NV,USA,89123,,https://www.thedispensarynv.com/shop-eastern-express?,36.0331165,-115.1189235,
Mynt Cannabis Dispensary,132 E 2nd St,,Reno,NV,USA,89501,,https://www.myntcannabis.com/reno-cannabis-delivery,39.527011,-119.810994,
Mynt Cannabis Dispensary,340 Lemmon Dr,,Reno,NV,USA,89506,,https://www.myntcannabis.com/reno-north-cannabis-delivery?,39.6154048,-119.8476632,
The Source Rainbow,2550 S Rainbow Blvd #8,,Las Vegas,NV,USA,89146,,https://thesourcenv.com/ordering-las-vegas/,36.1431014,-115.2419367,
The Source Hendo,9480 S Eastern Ave #185,,Las Vegas,NV,USA,89123,,https://thesourcenv.com/ordering-henderson/,36.0169957,-115.1172145,
The Source Reno,5270 Longley Ln Suite 103,,Reno,NV,USA,89511,,https://thesourcenv.com/ordering-reno/,39.4734004,-119.763922,
The Source NLV,420 E Deer Springs Way Suite 100,,North Las Vegas,NV,USA,89084,,https://thesourcenv.com/ordering-north-las-vegas/,36.2839773,-115.1356789,
2ONE2 California,212 California St,,San Francisco,CA,USA,94111,,,37.7934401,-122.3991628,
805 Beach Breaks (Harvest),1053 Highland Way,,Grover Beach,CA,USA,93433,,,35.1092618,-120.6188884,
"Aloha Aina, Inc",1954 Piner Rd,,Santa Rosa,CA,USA,95403,,,38.4667577,-122.7521881,
AMC,12300 Civic Center Dr,,Norwalk,CA,USA,90650,,,33.9134431,-118.0711077,
Authentic 909 LLC,1181 S E St,,San Bernardino,CA,USA,92408,,,34.0803361,-117.2938341,
Barbary Coast,952 Mission St,,San Francisco,CA,USA,94103,,,37.7819145,-122.4078009,
Barbary Coast - Sunset,2161 Irving St,,San Francisco,CA,USA,94122,,,37.7632794,-122.4811059,
"BCOK, Inc.",4100 Portola Dr # 3,,Santa Cruz,CA,USA,95062,,,36.96312,-121.964559,
Boca del Rio Agriculture LLC,W Belmont Ave,,Mendota,CA,USA,93640,,,36.7563324,-120.3682219,
Butter,671 E Bonita Ave STE F,,San Dimas,CA,USA,91773,,,34.1070254,-117.7952843,
Cal Street Cannabis - Clement,235 Clement St,,San Francisco,CA,USA,94118,,,37.7829003,-122.4617841,
California City Supply,6508 California City Blvd,,California City,CA,USA,93505,,,35.1252063,-118.0119986,
Canntinas Group,3600 Power Inn Rd,,Sacramento,CA,USA,95826,,,38.5420801,-121.4097422,
CC101,3257 Folsom Blvd,,Sacramento,CA,USA,95816,,,38.5678931,-121.4643492,
CDXX LLC,4526 3rd St,,San Francisco,CA,USA,94124,,,37.7368689,-122.390256,
Charlie Mike Inc.,2276 Research Dr,,Livermore,CA,USA,94550,,,37.6758487,-121.7214424,
Cloud 9,5060 California Ave Suite 130,,Bakersfield,CA,USA,93309,,,35.3625102,-119.0604678,
Colay Health Center,601 Warner St,,Chico,CA,USA,95926,,,39.7308813,-121.8502475,
"CV Wellness, INC",449 W Bay St,,Costa Mesa,CA,USA,92627,,,33.6487857,-117.9183008,
Date Palm (The Vault),35871 Date Palm Dr,,Cathedral City,CA,USA,92234,,,33.7884752,-116.4584611,
Direct Natural Alternatives Inc.,1535 Faraday Ave,,Carlsbad,CA,USA,92008,,,33.1372569,-117.2947112,
Doctor's Orders,1222 Monaco Ct,,Stockton,CA,USA,95207,,,37.9879886,-121.3208322,
East Bay Therapeutics,7575 Gateway Blvd #110,,Newark,CA,USA,94560,,,37.5403123,-122.0640977,
"ELEVATION 2477, LLC",569 Searls Ave Suite D,,Nevada City,CA,USA,95959,,,39.2523656,-121.0233413,
Erb and Arbor,8717 Van Nuys Blvd,,Panorama City,CA,USA,91402,,,34.2279324,-118.4505357,
Essence,908 E Colorado Blvd,,Pasadena,CA,USA,91106,,,34.145728,-118.1314335,
Farmacy Berkeley,3243 Sacramento St,,Berkeley,CA,USA,94702,,,37.8482069,-122.2775913,
Farmacy Santa Ana,1327 E St Gertrude Pl,,Santa Ana,CA,USA,92705,,,33.719851,-117.852724,
Farmacy SB,128 W Mission St,,Santa Barbara,CA,USA,93101,,,34.4291418,-119.716766,
GBH Retail,7480 N Palm Ave #101,,Fresno,CA,USA,93711,,,36.8453237,-119.8078252,
"GE GRANADA HILLS, INC",17719 Chatsworth St,,Granada Hills,CA,USA,91344,,,34.26513,-118.5205388,
Goddess Delivers,1716 Main St,,Los Angeles,CA,USA,90291,,,33.9875724,-118.4705112,
Gorilla Rx (Good Times Crenshaw),4233 S Crenshaw Blvd,,Los Angeles,CA,USA,90008,,,34.0072027,-118.3351946,
"Heart of the Emerald, LLC",103 5th St,,Eureka,CA,USA,95501,,,40.8014984,-124.1701506,
Hierba,2625 East Cesar E Chavez Avenue,,Los Angeles,CA,USA,90033,,,34.0454885,-118.2043917,
"HLC GREENFIELD, INC",48 4th St,,Greenfield,CA,USA,93927,,,36.32206,-121.23552,
"Holdings Of Harvest, CA LLC",9157 E Las Tunas Dr,,Temple City,CA,USA,91780,,,34.105815,-118.069048,
House of Organics,869 N Hollywood Way,,Burbank,CA,USA,91505,,,34.166213,-118.3463913,
Jade Room - Torrance,22865 Lockness Ave,,Torrance,CA,USA,90501,,,33.8174752,-118.3072735,
Josephine and Billie's,1535 W Martin Luther King Jr Blvd,,Los Angeles,CA,USA,90062,,,34.0111315,-118.3050523,
Joy Reserve,865 Market Street Unit 249 2nd Floor,,San Francisco,CA,USA,94103,,,37.7841245,-122.4060573,
Lemonnade - Sac,1115 Fee Dr,,Sacramento,CA,USA,95815,,,38.600673,-121.4415366,
Lemonnade - South Sac (Florin),1421 47th Ave,,Sacramento,CA,USA,95822,,,38.511027,-121.5038457,
Liberty Beach Center,1115 W 190th St,,Gardena,CA,USA,90248,,,33.8586202,-118.295328,
Liberty Cannabis,1115 W 190th St,,Gardena,CA,USA,90248,,,33.8586202,-118.295328,
Magnolia Extracts,12458 Magnolia Blvd,,Valley Village,CA,USA,91607,,,34.1646317,-118.404919,
MARY JANE'S COLLECTIVE CAREGIVERS,4901 Melrose Ave,,Los Angeles,CA,USA,90029,,,34.0836752,-118.3071023,
Nibble This,16530 Ventura Blvd # 103,,Encino,CA,USA,91436,,,34.1572977,-118.4933731,
Off the Charts - Vista,1745 E Vista Way Suite 10,,Vista,CA,USA,92084,,,33.2263806,-117.2255842,
Parkway Theater Inc,1836 Park Blvd,,Oakland,CA,USA,94606,,,37.7993889,-122.2503124,
PH Tradecraft Farms,2597 Bolker Dr,,Port Hueneme,CA,USA,93041,,,34.1767514,-119.2065597,
Plant Galaxy,1270 Center St,,Riverside,CA,USA,92507,,,34.0154381,-117.3392777,
Positive Vibe,8112 Alpine Ave,,Sacramento,CA,USA,95826,,,38.5352458,-121.4081827,
Quality Buds LLC,807 54th Ave,,Oakland,CA,USA,94601,,,37.7640816,-122.2102095,
Reese Dreams LLC,527 Encinitas Blvd Suite 200,,Encinitas,CA,USA,92024,,,33.0469528,-117.2793736,
Responsible Patient Care (SPARC),1061 N Dutton Ave,,Santa Rosa,CA,USA,95401,,,38.4452208,-122.7307271,
SAS - Cookies Sac,1716 J St,,Sacramento,CA,USA,95811,,,38.5773504,-121.4832416,
SGI BENICIA LLC,425 Military E Suite J,,Benicia,CA,USA,94510,,,38.0517753,-122.1479808,
"SGI Jurupa, LLC.",1635 Spruce St,,Riverside,CA,USA,92507,,,33.9908174,-117.3470492,
SGI MARINA LLC,3170 Del Monte Blvd,,Marina,CA,USA,93933,,,36.6885349,-121.7984045,
SGI PACHECO LLC,5753 Pacheco Blvd,,Pacheco,CA,USA,94553,,,37.9850178,-122.0673559,
SGI RETAIL LLC,728 E Commercial St,,Los Angeles,CA,USA,90012,,,34.0522286,-118.2320358,
SGI SUISUN LLC,521 Railroad Ave,,Suisun City,CA,USA,94585,,,38.2616928,-122.0104194,
"Strategic Green Partners, LLC",23 Corporate Plaza Dr,,Newport Beach,CA,USA,92660,,,33.6082005,-117.8754362,
TERP INC,380 S Los Angeles St Unit 200,,Los Angeles,CA,USA,90013,,,34.047338,-118.245524,
THC,214 California St Suite 211,,San Francisco,CA,USA,94111,,,37.7935874,-122.3992288,
The Apothecarium - Berkeley,2312 Telegraph Ave,,Berkeley,CA,USA,94704,,,37.8682559,-122.2593336,
The Apothecarium - Capitola,1850 41st Ave,,Capitola,CA,USA,95010,,,36.9766066,-121.9645751,
The Apothecarium - Howard Street,527 Howard St,,San Francisco,CA,USA,94105,,,37.787834,-122.396539,
The Apothecarium - Market/Castro,2029 Market St,,San Francisco,CA,USA,94114,,,37.768317,-122.4275449,
The Apothecarium (Lombard) - Deep Thought,2414 Lombard St,,San Francisco,CA,USA,94123,,,37.7994203,-122.4413868,
The Cake House - Malibu,22523 Pacific Coast Hwy,,Malibu,CA,USA,90265,,,34.0399099,-118.6655571,
The Cake House - Wildomar,32475 Clinton Keith Rd,,Wildomar,CA,USA,92595,,,33.5883214,-117.2529666,
The Flore Store,258 Noe St,,San Francisco,CA,USA,94114,,,37.7648523,-122.4334732,
The Pottery,5042 Venice Blvd.,,Los Angeles,CA,USA,90019,,,34.0450861,-118.3485935,
Token Farms,483 Avenue 295 Suite #A,,Farmersville,CA,USA,93223,,,36.3254364,-119.2110553,
Traditional Pico_2,4665 W Pico Blvd,,Los Angeles,CA,USA,90019,,,34.0490216,-118.3374968,
"United 415, Inc.",47 Bulkley Ave,,Sausalito,CA,USA,94965,,,37.8536677,-122.480234,
Bask,2 Pequod Rd,,Fairhaven,MA,USA,2719,,,41.6495895,-70.8886489,
"Berkshire Welco, LLC",1375 N Main St,,Sheffield,MA,USA,1257,,,42.1426463,-73.3633631,
Bud's Goods & Provisions Corp.,64 W Boylston St,,Worcester,MA,USA,1606,,,42.29081,-71.805698,
"Caroline's Cannabis, LLC",640 Douglas St,,Uxbridge,MA,USA,1569,,,42.0632556,-71.6694838,
"Cypress Tree Management, Inc.",431 Westminster St,,Fitchburg,MA,USA,1420,,,42.5683525,-71.8427934,
"Ermont, Inc",216 Ricciuti Dr,,Quincy,MA,USA,2169,,,42.2398605,-71.0411605,
"Four Daughters Compassionate Care, Inc.",1200 General Edwards Hwy,,Sharon,MA,USA,2067,,,42.118848,-71.2336961,
"Garden Remedies, Inc.",697 Washington St,,Newton,MA,USA,2458,,,42.3529253,-71.2021966,
"Green Meadows Farm, LLC",64 Mill St,,Southbridge,MA,USA,1550,,,42.082371,-72.0436951,
"GreenStar Herbals, Inc.",19 School St,,Dracut,MA,USA,1826,,,42.6645254,-71.324354,
GTE Franklin LLC,279 E Central St,,Franklin,MA,USA,2038,,,42.0813908,-71.3851288,
"Heal Sturbridge, Inc.",660 Main St,,Sturbridge,MA,USA,1566,,,42.1132219,-72.1240875,
Healthy Pharms,98 Winthrop St,,Cambridge,MA,USA,2138,,,42.3723312,-71.1212846,
Liberty Compassion,304 Somerville Ave,,Somerville,MA,USA,2143,,,42.3800815,-71.0974795,
"Mission MA, Inc.",640 Lincoln St Suite 200,,Worcester,MA,USA,1605,,,42.2984158,-71.765076,
Native Sun Wellness INC,37 Coolidge St,,Hudson,MA,USA,1749,,,42.3972236,-71.5939069,
"New Dia, LLC",118 Cambridge St,,Worcester,MA,USA,1603,,,42.2432305,-71.8263179,
Pure Oasis LLC,430 Blue Hill Avenue,,Boston,MA,USA,2121,,,42.310067,-71.0819784,
Revolutionary Clinics II,67 Broadway,,Somerville,MA,USA,2145,,,42.3871227,-71.081077,
Revolutionary Clinics II-Cambridge,541 Massachusetts Ave,,Cambridge,MA,USA,2139,,,42.3646611,-71.1021225,
"Sanctuary Medicinals, Inc.",234 Taylor St,,Littleton,MA,USA,1460,,,42.5123023,-71.5089874,
"Sanctuary Medicinals, Inc. - Danvers",2 Electronics Ave #20,,Danvers,MA,USA,1923,,,42.5767082,-70.9713035,
"Sanctuary Medicinals, Inc. - Woburn",130 Commerce Way,,Woburn,MA,USA,1801,,,42.5182994,-71.1390178,
"Temescal Wellness of Massachusetts, LLC",665 Cochituate Rd Suite B,,Framingham,MA,USA,1701,,,42.3075615,-71.3849887,
"Theory Wellness, Inc. - Chicopee",672 Fuller Rd,,Chicopee,MA,USA,1020,,,42.1606828,-72.5535716,
Tree of Life,1460 Fall River Ave,,Seekonk,MA,USA,2771,,,41.7876862,-71.3171431,